PRODUCT_ID,SKU,PRODUCT_NAME,CATEGORY,UNIT_PRICE,CREATED_AT
P229,TZ-SHORTS-229,Blue Denim Shorts,Women,130.00,2026-09-03 13:22:52.215 -0700
P310,TZ-SHOES-310,Yellow Casual Shoes,Footwear,2499.00,2026-09-03 13:22:52.215 -0700
P415,TZ-TSHIRT-415,Classic Cotton T-Shirt,Men,799.00,2026-09-03 13:22:52.215 -0700
P520,TZ-DRESS-520,Floral Summer Dress,Women,1899.00,2026-09-04 01:08:48.154 -0700
P620,TZ-BELT-620,Classic Leather Belt,Accessories,499.00,2026-09-04 01:08:48.154 -0700
P710,TZ-JEANS-710,Slim Fit Blue Jeans,Men,1799.00,2026-09-04 01:08:48.154 -0700
P810,TZ-HANDBAG-810,Everyday Tote Handbag,Accessories,2299.00,2026-09-04 01:08:48.154 -0700
P910,TZ-SNEAKER-910,White Street Sneakers,Footwear,3199.00,2026-09-04 01:08:48.154 -0700
P990,TZ-JACKET-990,Lightweight Denim Jacket,Women,2599.00,2026-09-04 01:08:48.154 -0700
